Timestamp,Raw
1729805582.3587878,0
1729805582.3629243,0
1729805582.3650067,0
1729805582.3670795,0
1729805582.3692665,0
1729805582.3715162,0
1729805582.3744936,0
1729805582.3835533,0
1729805582.3992639,0
1729805582.4140944,0
1729805582.4196677,0
1729805582.4299889,501
1729805582.4329724,188
1729805582.4350896,-70
1729805582.4411688,-29
1729805582.4449513,363
1729805582.4470294,-195
1729805582.4491355,106
1729805582.4511793,-6
1729805582.4532301,-6
1729805582.4553227,-35
1729805582.4574335,-35
1729805582.459519,80
1729805582.4615905,-5
1729805582.4636576,-5
1729805582.4657233,74
1729805582.4677618,74
1729805582.469829,150
1729805582.4719634,69
1729805582.4740717,52
1729805582.476111,52
1729805582.4781566,52
1729805582.4802082,372
1729805582.4822462,372
1729805582.4842796,-114
1729805582.486324,-114
1729805582.4883692,-114
1729805582.4904027,-23
1729805582.492441,-23
1729805582.4944813,-42
1729805582.4965246,-42
1729805582.4985821,-42
1729805582.500662,-589
1729805582.5027597,-589
1729805582.5048292,164
1729805582.5068867,-332
1729805582.508914,-332
1729805582.5109365,233
1729805582.5129604,169
1729805582.5149858,169
1729805582.5170088,212
1729805582.519034,314
1729805582.5210838,-19
1729805582.5231473,-39
1729805582.525191,-39
1729805582.5272279,-305
1729805582.529268,-669
1729805582.5313098,-1079
1729805582.533352,-1079
1729805582.5353968,-550
1729805582.5374522,-550
1729805582.5395124,-232
1729805582.5415833,176
1729805582.5436854,176
1729805582.553787,-170
1729805582.5569708,-170
1729805582.5613837,-170
1729805582.5635774,9
1729805582.6043005,12
1729805582.6274335,-726
1729805582.7081473,-281
1729805582.7107499,-535
1729805582.7134848,-337
1729805582.7323134,68
1729805582.7363274,177
1729805582.7384372,185
1729805582.7408102,244
1729805582.7431045,220
1729805582.7467928,149
1729805582.7488625,89
1729805582.7549772,75
1729805582.7621403,356
1729805582.7727475,315
1729805582.7759664,301
1729805582.7791846,259
1729805582.78125,194
1729805582.7855988,333
1729805582.7887444,313
1729805582.794901,290
1729805582.7970889,170
1729805582.7993228,122
1729805582.801454,113
1729805582.8048975,113
1729805582.8069432,-11
1729805582.8151107,-11
1729805582.8223593,72
1729805582.8252718,244
1729805582.8310995,72
1729805582.835608,29
1729805582.8378923,-83
1729805582.8403656,181
1729805582.8424494,101
1729805582.8507164,-129
1729805582.8529456,228
1729805582.8572423,256
1729805582.8593907,128
1729805582.8619814,128
1729805582.8640964,225
1729805582.8661659,147
1729805582.868222,147
1729805582.870295,229
1729805582.8723533,229
1729805582.8743896,197
1729805582.8764324,133
1729805582.8784862,133
1729805582.8805494,48
1729805582.8826177,48
1729805582.8847146,48
1729805582.8868139,139
1729805582.8888927,120
1729805582.890938,139
1729805582.8929873,139
1729805582.895056,228
1729805582.897145,155
1729805582.8991933,37
1729805582.9018457,37
1729805582.9063373,37
1729805582.9084146,37
1729805582.9104817,37
1729805582.9125764,166
1729805582.914662,166
1729805582.9167163,198
1729805582.9187994,198
1729805582.9209435,50
1729805582.9230325,32
1729805582.9250798,32
1729805582.9271238,32
1729805582.929182,195
1729805582.931266,181
1729805582.9333482,-162
1729805582.935453,-162
1729805582.9375622,-212
1729805582.9396605,-141
1729805582.9417374,-141
1729805582.9438133,253
1729805582.9459126,134
1729805582.948028,134
1729805582.9500916,404
1729805582.9521525,576
1729805582.9542248,115
1729805582.9562902,115
1729805582.9583511,115
1729805582.9604151,-196
1729805582.9624677,51
1729805582.9645267,51
1729805582.966603,380
1729805582.9687445,140
1729805582.9708462,176
1729805582.9729533,169
1729805582.9750154,59
1729805582.977084,263
1729805582.9791284,263
1729805582.9811738,-18
1729805582.9832275,-854
1729805582.985288,-854
1729805582.987368,-133
1729805582.9894414,-133
1729805582.9915066,-348
1729805582.9935768,-348
1729805582.9956584,-661
1729805582.9977078,-661
1729805583.00125,-549
1729805583.0071292,-246
1729805583.0092983,-246
1729805583.0114176,-246
1729805583.013484,373
1729805583.0155635,-21
1729805583.0176172,-70
1729805583.0196755,-70
1729805583.0217547,-737
1729805583.0238218,-774
1729805583.0259287,-774
1729805583.0280294,-275
1729805583.0300918,-445
1729805583.032153,-445
1729805583.0342052,-278
1729805583.0362911,-278
1729805583.0383725,-425
1729805583.0404546,-329
1729805583.0425441,-524
1729805583.044611,-586
1729805583.0466802,-586
1729805583.048728,-489
1729805583.0507777,-489
1729805583.0528488,-425
1729805583.0549252,-317
1729805583.0569975,-317
1729805583.0590866,-456
1729805583.061168,-456
1729805583.0632253,-300
1729805583.0652745,-212
1729805583.067325,-212
1729805583.0693922,-173
1729805583.07146,-212
1729805583.0735552,-188
1729805583.075667,-74
1729805583.0777519,-38
1729805583.0798187,-70
1729805583.0818782,-46
1729805583.083926,12
1729805583.0860012,49
1729805583.0880833,44
1729805583.0901484,34
1729805583.092228,69
1729805583.0943074,69
1729805583.0963717,86
1729805583.0984192,135
1729805583.1020648,150
1729805583.104747,150
1729805583.1068592,106
1729805583.1089249,106
1729805583.1109667,106
1729805583.1130266,106
1729805583.1150994,106
1729805583.1171618,148
1729805583.1192303,211
1729805583.121297,131
1729805583.1233532,131
1729805583.1254056,123
1729805583.127504,123
1729805583.1295907,123
1729805583.131666,156
1729805583.13375,163
1729805583.135887,134
1729805583.1379766,134
1729805583.1400383,139
1729805583.142101,139
1729805583.144163,152
1729805583.1462293,137
1729805583.148323,89
1729805583.1503906,89
1729805583.1524644,192
1729805583.1545494,192
1729805583.1566453,212
1729805583.1587145,166
1729805583.160772,-24
1729805583.162878,-24
1729805583.1649692,193
1729805583.1670158,249
1729805583.1690657,249
1729805583.1711354,249
1729805583.1732028,249
1729805583.1752484,249
1729805583.177289,249
1729805583.17933,249
1729805583.1813753,249
1729805583.1834157,82
1729805583.185492,35
1729805583.1875768,182
1729805583.1896436,208
1729805583.19169,208
1729805583.1937392,250
1729805583.1958072,199
1729805583.1978538,41
1729805583.2035172,41
1729805583.2057073,198
1729805583.2077682,198
1729805583.2098105,198
1729805583.211867,198
1729805583.21392,245
1729805583.2159712,245
1729805583.2180138,253
1729805583.2200763,201
1729805583.222198,103
1729805583.2242463,81
1729805583.2262955,81
1729805583.2283382,-26
1729805583.230393,82
1729805583.232455,128
1729805583.2345011,128
1729805583.236566,84
1729805583.2386527,71
1729805583.2407086,7
1729805583.242775,194
1729805583.2448394,404
1729805583.2468839,394
1729805583.248933,118
1729805583.250977,118
1729805583.2530365,118
1729805583.2551022,119
1729805583.257152,-82
1729805583.259199,-82
1729805583.2612436,-129
1729805583.2632868,265
1729805583.2653334,265
1729805583.2673783,184
1729805583.2694588,184
1729805583.2715468,185
1729805583.273611,321
1729805583.2756858,321
1729805583.2777302,114
1729805583.279777,114
1729805583.2818255,83
1729805583.2838705,114
1729805583.2859175,114
1729805583.2879508,160
1729805583.2899766,220
1729805583.2920032,220
1729805583.2940261,137
1729805583.29605,88
1729805583.2980745,73
1729805583.3000994,73
1729805583.3050778,39
1729805583.3071308,39
1729805583.3091633,73
1729805583.3111875,73
1729805583.3132095,73
1729805583.3152313,73
1729805583.3172536,73
1729805583.3192835,73
1729805583.3213158,155
1729805583.3233438,218
1729805583.325369,218
1729805583.327391,340
1729805583.3294165,340
1729805583.3314414,337
1729805583.3334637,279
1729805583.335486,161
1729805583.3375092,153
1729805583.3395314,176
1729805583.3415554,176
1729805583.3435774,148
1729805583.3455992,230
1729805583.3476222,183
1729805583.34963,91
1729805583.3516538,72
1729805583.3536756,113
1729805583.3557582,49
1729805583.3578038,28
1729805583.3598483,198
1729805583.3618975,288
1729805583.3639424,313
1729805583.365986,258
1729805583.3680315,184
1729805583.3701026,121
1729805583.3721774,75
1729805583.3742547,59
1729805583.3763032,27
1729805583.3783553,11
1729805583.3804052,11
1729805583.382449,137
1729805583.3845298,275
1729805583.3866513,240
1729805583.3887336,81
1729805583.390787,81
1729805583.3928535,129
1729805583.3949273,145
1729805583.3969784,-11
1729805583.4033175,-11
1729805583.4054515,4
1729805583.407521,4
1729805583.4095898,41
1729805583.411654,371
1729805583.4137046,-18
1729805583.4157548,-18
1729805583.4177892,-18
1729805583.4198208,-18
1729805583.4218724,-134
1729805583.4239576,171
1729805583.4260514,-149
1729805583.4281082,-50
1729805583.430163,-50
1729805583.4322293,-172
1729805583.4342997,-391
1729805583.4363537,-482
1729805583.4384165,-365
1729805583.4404864,-365
1729805583.4425485,-376
1729805583.444595,-262
1729805583.4466429,-146
1729805583.4486556,-137
1729805583.450733,-137
1729805583.452813,-631
1729805583.4548626,-635
1729805583.456926,-569
1729805583.4589963,-347
1729805583.4610426,-33
1729805583.4630864,26
1729805583.4651356,680
1729805583.4671938,680
1729805583.469239,-88
1729805583.4712913,-88
1729805583.4733434,-407
1729805583.475403,-599
1729805583.477463,-599
1729805583.4795263,-812
1729805583.4817235,-812
1729805583.484384,-444
1729805583.4864872,199
1729805583.4886067,199
1729805583.4907765,203
1729805583.4930892,81
1729805583.4952147,-229
1729805583.4979732,-673
1729805583.503911,-673
1729805583.5068583,-325
1729805583.508972,-283
1729805583.5112863,-315
1729805583.513367,-520
1729805583.5154257,-520
1729805583.5174694,-540
1729805583.5200534,-540
1729805583.5221689,-540
1729805583.52423,-466
1729805583.5262654,-466
1729805583.5283535,-466
1729805583.530417,-340
1729805583.5324676,-187
1729805583.5345097,-22
1729805583.5365653,-37
1729805583.5386407,-37
1729805583.5407062,-37
1729805583.5430121,-19
1729805583.5450866,103
1729805583.5471365,103
1729805583.5499907,103
1729805583.552069,181
1729805583.5541365,89
1729805583.5561986,89
1729805583.55827,152
1729805583.5603461,185
1729805583.5624177,162
1729805583.5644703,162
1729805583.5665247,166
1729805583.5685828,166
1729805583.5706651,184
1729805583.5727608,184
1729805583.5748935,173
1729805583.5769615,154
1729805583.5790231,154
1729805583.5810752,144
1729805583.5831296,144
1729805583.5852008,133
1729805583.587275,136
1729805583.5893312,162
1729805583.5913782,198
1729805583.5934274,247
1729805583.5954785,247
1729805583.597525,172
1729805583.6001966,172
1729805583.6040611,172
1729805583.6061904,150
1729805583.6082702,169
1729805583.6103303,169
1729805583.6123822,219
1729805583.614427,171
1729805583.616493,171
1729805583.6185527,176
1729805583.62064,176
1729805583.6227038,212
1729805583.624747,212
1729805583.6267846,212
1729805583.6288233,212
1729805583.630862,212
1729805583.6329057,212
1729805583.6349878,227
1729805583.6370633,187
1729805583.639133,211
1729805583.641211,167
1729805583.6432598,250
1729805583.6453087,250
1729805583.647357,108
1729805583.6494064,65
1729805583.6514616,65
1729805583.6535406,66
1729805583.6556163,-4
1729805583.6576514,219
1729805583.6597064,332
1729805583.6617606,332
1729805583.6638262,97
1729805583.665882,97
1729805583.6679325,157
1729805583.6699986,193
1729805583.6720731,131
1729805583.674131,86
1729805583.676156,86
1729805583.6782172,17
1729805583.6802762,-20
1729805583.6823206,48
1729805583.6843534,112
1729805583.6864104,112
1729805583.6884859,32
1729805583.6905427,32
1729805583.6925917,-19
1729805583.6946473,-83
1729805583.6967041,-10
1729805583.6987467,64
1729805583.7008204,64
1729805583.7045755,64
1729805583.706821,290
1729805583.708901,211
1729805583.710935,211
1729805583.7129743,267
1729805583.7150168,268
1729805583.717062,251
1729805583.7191358,81
1729805583.7212,81
1729805583.7232618,81
1729805583.7253132,81
1729805583.7273393,81
1729805583.7293699,81
1729805583.7313974,81
1729805583.7334204,81
1729805583.735444,81
1729805583.7374704,164
1729805583.7395015,134
1729805583.7415304,134
1729805583.743555,348
1729805583.745611,348
1729805583.7476318,261
1729805583.7496426,324
1729805583.7516716,469
1729805583.7537022,333
1729805583.7557464,314
1729805583.757772,365
1729805583.759796,368
1729805583.761839,371
1729805583.7638834,445
1729805583.7659078,445
1729805583.7679305,458
1729805583.7699654,337
1729805583.772002,427
1729805583.7740285,482
1729805583.7760553,482
1729805583.7780783,273
1729805583.780103,273
1729805583.782125,395
1729805583.7841513,403
1729805583.7861884,401
1729805583.7882252,310
1729805583.7902508,310
1729805583.7922728,252
1729805583.794297,216
1729805583.7963226,90
1729805583.7983475,-34
1729805583.8013206,-34
1729805583.8050027,-34
1729805583.8070838,170
1729805583.809148,56
1729805583.8111749,56
1729805583.8131998,92
1729805583.8152263,92
1729805583.8172486,195
1729805583.8192875,96
1729805583.821329,96
1729805583.8233554,36
1729805583.8253853,36
1729805583.8274136,36
1729805583.8294384,36
1729805583.831479,36
1729805583.8335207,36
1729805583.8355918,35
1729805583.8376644,-270
1729805583.8397815,-270
1729805583.841863,-6
1729805583.8439074,23
1729805583.8459678,23
1729805583.8480358,4
1729805583.8515978,4
1729805583.8536634,58
1729805583.855723,6
1729805583.8577566,-53
1729805583.8599193,-53
1729805583.862082,-139
1729805583.8641257,-66
1729805583.8661637,-66
1729805583.8682177,-65
1729805583.8702607,-65
1729805583.8722968,-42
1729805583.8743434,-85
1729805583.8763905,-179
1729805583.8784165,-179
1729805583.8804774,-138
1729805583.88286,-248
1729805583.88489,-248
1729805583.886979,-220
1729805583.889055,-235
1729805583.8911116,-169
1729805583.8931403,-58
1729805583.8952045,-58
1729805583.8972898,-136
1729805583.8993444,-167
1729805583.9044077,-125
1729805583.9072964,-226
1729805583.9093835,-226
1729805583.911457,-149
1729805583.9135199,-29
1729805583.9155989,-29
1729805583.9176497,-93
1729805583.9197206,-93
1729805583.9221227,-59
1729805583.9242013,-217
1729805583.9262578,-217
1729805583.9285705,-217
1729805583.9307952,-217
1729805583.932866,-218
1729805583.934892,-74
1729805583.9369307,-60
1729805583.938981,-106
1729805583.9410052,-132
1729805583.9430535,-132
1729805583.945087,-132
1729805583.9471176,131
1729805583.9493449,123
1729805583.951413,-78
1729805583.9534457,-78
1729805583.955481,-122
1729805583.9575238,-237
1729805583.9595568,-237
1729805583.9615815,-328
1729805583.963612,-293
1729805583.9656408,-293
1729805583.967629,-237
1729805583.9696355,-107
1729805583.971695,-50
1729805583.9737577,-263
1729805583.9757812,-171
1729805583.977806,88
1729805583.9798298,70
1729805583.9818695,-235
1729805583.9839003,-214
1729805583.9859242,120
1729805583.9879513,179
1729805583.9899752,-278
1729805583.9920096,-278
1729805583.9940321,-315
1729805583.996055,-339
1729805583.9980814,-339
1729805584.000349,-339
1729805584.0024056,241
1729805584.004463,224
1729805584.0065165,-2
1729805584.008549,541
1729805584.0105739,541
1729805584.0125976,345
1729805584.014625,345
1729805584.0166295,-338
1729805584.018629,16
1729805584.0206416,-412
1729805584.0226305,-421
1729805584.0246289,-421
1729805584.0266628,-421
1729805584.0287144,-630
1729805584.0307512,-630
1729805584.0327885,-630
1729805584.0348186,-630
1729805584.0368516,-488
1729805584.0389032,-641
1729805584.0409622,-595
1729805584.0430253,-595
1729805584.0450864,-362
1729805584.047143,-458
1729805584.0491965,-500
1729805584.0512488,-189
1729805584.0533066,-532
1729805584.0553527,-604
1729805584.0573783,-604
1729805584.0594015,-604
1729805584.0614407,38
1729805584.0634902,-280
1729805584.0655203,-419
1729805584.0675514,-152
1729805584.0695887,-152
1729805584.0716517,-89
1729805584.073796,-141
1729805584.0758827,-184
1729805584.0779805,-11
1729805584.0800362,-11
1729805584.0820768,26
1729805584.0841208,-66
1729805584.0861845,-10
1729805584.0882642,-10
1729805584.0903306,-10
1729805584.0923893,71
1729805584.0944438,71
1729805584.0965188,86
1729805584.0997202,86
1729805584.1020193,188
1729805584.1041064,188
1729805584.1061897,219
1729805584.108245,291
1729805584.1102939,291
1729805584.1123407,229
1729805584.1144216,229
1729805584.1168118,236
1729805584.1188898,236
1729805584.1209593,233
1729805584.1230025,229
1729805584.1250434,253
1729805584.1270895,253
1729805584.1291294,281
1729805584.1311839,298
1729805584.133246,298
1729805584.135301,298
1729805584.137383,298
1729805584.139457,298
1729805584.1415043,298
1729805584.143547,298
1729805584.1455894,298
1729805584.147657,298
1729805584.1497288,298
1729805584.1517792,341
1729805584.1538455,376
1729805584.1559143,380
1729805584.1579657,402
1729805584.1600144,402
1729805584.1620598,487
1729805584.1641119,401
1729805584.166162,449
1729805584.1682112,449
1729805584.1702747,449
1729805584.172345,471
1729805584.1744041,519
1729805584.1764522,519
1729805584.178498,602
1729805584.180546,602
1729805584.1825914,592
1729805584.1846461,612
1729805584.186801,657
1729805584.1889076,572
1729805584.1909592,679
1729805584.1930087,679
1729805584.1950579,695
1729805584.1988888,695
1729805584.200997,325
1729805584.2030807,325
1729805584.2051547,325
1729805584.2072134,422
1729805584.2092586,346
1729805584.2113006,203
1729805584.2133417,203
1729805584.2153966,228
1729805584.2174702,251
1729805584.2195413,320
1729805584.2216284,320
1729805584.2236896,128
1729805584.2258134,51
1729805584.2278712,7
1729805584.229927,-1
1729805584.2319832,-108
1729805584.2340488,-108
1729805584.2361143,-108
1729805584.2381942,-108
1729805584.2402508,-108
1729805584.2423027,45
1729805584.2443576,45
1729805584.246404,41
1729805584.248456,-20
1729805584.2505078,-222
1729805584.2525685,-49
1729805584.254639,-49
1729805584.2566876,-149
1729805584.2587411,-311
1729805584.2607875,-311
1729805584.2628367,97
1729805584.264882,145
1729805584.2669272,-142
1729805584.2689905,-142
1729805584.2710657,-203
1729805584.2731135,-281
1729805584.275161,-281
1729805584.277213,-234
1729805584.2792683,-234
1729805584.2813332,-302
1729805584.2833865,-268
1729805584.2854867,-156
1729805584.2875817,-134
1729805584.289647,-134
1729805584.2918055,-118
1729805584.2938612,-118
1729805584.2959146,26
1729805584.298795,-149
1729805584.3009722,-206
1729805584.303053,-58
1729805584.3051202,-58
1729805584.3071697,51
1729805584.3092165,51
1729805584.3112667,-17
1729805584.3133173,-102
1729805584.315384,-102
1729805584.3174763,-189
1729805584.319569,-66
1729805584.3216457,72
1729805584.3236947,72
1729805584.325742,72
1729805584.327794,72
1729805584.3298647,72
1729805584.3319356,23
1729805584.3339849,23
1729805584.3360622,8
1729805584.3381557,8
1729805584.3402228,8
1729805584.3422909,8
1729805584.3443575,-68
1729805584.3464062,101
1729805584.3484519,114
1729805584.3504972,22
1729805584.3525674,147
1729805584.354664,147
1729805584.3567476,152
1729805584.3588207,122
1729805584.360883,141
1729805584.362948,141
1729805584.364996,162
1729805584.3670533,97
1729805584.36914,97
1729805584.3712146,171
1729805584.3732667,171
1729805584.375314,130
1729805584.3773594,130
1729805584.379407,106
1729805584.381455,84
1729805584.383501,199
1729805584.3855765,199
1729805584.3876948,230
1729805584.389758,311
1729805584.3918078,336
1729805584.3938577,336
1729805584.3959038,338
1729805584.399329,338
1729805584.40145,290
1729805584.403541,266
1729805584.4056115,266
1729805584.4076786,245
1729805584.409762,245
1729805584.4118133,443
1729805584.413876,562
1729805584.4159596,299
1729805584.4180481,299
1729805584.4201264,364
1729805584.4222066,364
1729805584.4242742,252
1729805584.4263413,252
1729805584.4283934,290
1729805584.4304569,241
1729805584.4325252,241
1729805584.4345741,247
1729805584.436665,266
1729805584.438749,164
1729805584.4408078,164
1729805584.4428725,204
1729805584.4449444,134
1729805584.4470103,144
1729805584.4490597,144
1729805584.451106,144
1729805584.4531732,144
1729805584.4552448,144
1729805584.4572918,144
1729805584.4593387,144
1729805584.461386,144
1729805584.463432,144
1729805584.4654748,323
1729805584.4675512,323
1729805584.4696133,188
1729805584.4716916,92
1729805584.4737456,-49
1729805584.4757907,-732
1729805584.4778335,-286
1729805584.4798906,24
1729805584.481952,-541
1729805584.4839969,-541
1729805584.4860778,-541
1729805584.4881556,-802
1729805584.490215,-380
1729805584.4922736,-141
1729805584.4943461,-141
1729805584.496405,-585
1729805584.50142,-585
1729805584.5035791,-564
1729805584.5056531,-952
1729805584.5077012,-1162
1729805584.5097497,-1162
1729805584.5118027,-593
1729805584.5138445,-345
1729805584.5159373,-634
1729805584.518076,-1298
1729805584.5201573,-1529
1729805584.5222404,-1165
1729805584.524264,-801
1729805584.526314,-972
1729805584.528362,-947
1729805584.5304205,-947
1729805584.532482,-449
1729805584.534538,-449
1729805584.5366142,-330
1729805584.5386946,-245
1729805584.5407388,-245
1729805584.5427995,-245
1729805584.544908,-187
1729805584.546963,-187
1729805584.5490108,-187
1729805584.5510542,-546
1729805584.55312,-546
1729805584.555187,-633
1729805584.5572572,-317
1729805584.559336,-305
1729805584.5613852,-305
1729805584.5634258,-259
1729805584.5654688,-194
1729805584.5675125,39
1729805584.5695624,39
1729805584.5716076,90
1729805584.5736537,117
1729805584.575715,152
1729805584.5778244,233
1729805584.57987,358
1729805584.5819101,358
1729805584.5839553,405
1729805584.5860262,380
1729805584.588114,380
1729805584.5901763,309
1729805584.5922303,309
1729805584.5942736,369
1729805584.5963168,369
1729805584.6013224,369
1729805584.6035151,535
1729805584.6056032,714
1729805584.6076472,704
1729805584.609696,704
1729805584.6117785,632
1729805584.6138244,632
1729805584.615886,641
1729805584.6180923,690
1729805584.620174,690
1729805584.6222508,598
1729805584.6243017,598
1729805584.6263483,513
1729805584.6283991,481
1729805584.6304476,452
1729805584.6324997,432
1729805584.6345417,432
1729805584.636603,396
1729805584.6386511,413
1729805584.6406996,427
1729805584.6427472,401
1729805584.644798,435
1729805584.6468542,435
1729805584.6489143,435
1729805584.6509614,904
1729805584.6530273,904
1729805584.655098,1350
1729805584.657177,1478
1729805584.6592553,1484
1729805584.6613102,1435
1729805584.6633554,1435
1729805584.6653976,1260
1729805584.6674414,1156
1729805584.6695247,1156
1729805584.6716092,1010
1729805584.6736724,1010
1729805584.675724,1031
1729805584.6777725,1123
1729805584.6798258,1108
1729805584.6819263,1030
1729805584.6839738,1030
1729805584.6860287,1030
1729805584.6880963,1010
1729805584.6901474,962
1729805584.6922028,955
1729805584.6942647,955
1729805584.6963084,945
1729805584.701081,945
1729805584.7032187,730
1729805584.7053006,666
1729805584.7073445,696
1729805584.7093873,739
1729805584.7114313,739
1729805584.7134714,715
1729805584.7155333,716
1729805584.7176049,723
1729805584.7196648,700
1729805584.7217402,700
1729805584.7238364,651
1729805584.7258842,624
1729805584.7279425,624
1729805584.7299912,585
1729805584.732043,566
1729805584.7340858,566
1729805584.7361493,529
1729805584.7382305,514
1729805584.7402894,488
1729805584.742339,488
1729805584.744389,471
1729805584.7464314,471
1729805584.7484746,471
1729805584.7505202,454
1729805584.7525804,454
1729805584.754654,425
1729805584.7567325,425
1729805584.7588189,372
1729805584.760871,342
1729805584.7629209,342
1729805584.7649674,276
1729805584.7670157,257
1729805584.7690892,257
1729805584.7711656,256
1729805584.773213,167
1729805584.775257,38
1729805584.7773013,48
1729805584.7793446,152
1729805584.7813883,117
1729805584.7834318,117
1729805584.785498,117
1729805584.7875786,117
1729805584.7896402,120
1729805584.791689,32
1729805584.7937334,32
1729805584.7957747,49
1729805584.8007905,49
1729805584.8029072,-174
1729805584.8049796,-450
1729805584.807029,-509
1729805584.809071,-509
1729805584.8111167,-676
1729805584.8131661,-869
1729805584.8152373,-822
1729805584.817328,-894
1729805584.8194249,-894
1729805584.8215086,-1085
1729805584.8235621,-1155
1729805584.8256094,-1146
1729805584.8277023,-1083
1729805584.8297563,-1083
1729805584.8318436,-1153
1729805584.8338914,-1064
1729805584.8359728,-1064
1729805584.8380623,-1011
1729805584.8401203,-914
1729805584.8421712,-914
1729805584.844218,-966
1729805584.8462636,-966
1729805584.8483026,-1098
1729805584.8503447,-1164
1729805584.8523932,-1164
1729805584.8544476,-1164
1729805584.8565083,-1173
1729805584.8585527,-1173
1729805584.8605917,-1036
1729805584.8626466,-1053
1729805584.8646424,-939
1729805584.8666408,-806
1729805584.868643,-806
1729805584.8706565,-760
1729805584.8727188,-746
1729805584.8748345,-724
1729805584.8768845,-715
1729805584.8789268,-689
1729805584.8809745,-706
1729805584.8830338,-706
1729805584.885078,-616
1729805584.887132,-616
1729805584.8891945,-217
1729805584.8912413,-12
1729805584.8932836,-12
1729805584.895339,121
1729805584.897409,231
1729805584.9005294,231
1729805584.9026647,278
1729805584.904741,85
1729805584.906786,-72
1729805584.9088457,-68
1729805584.9108958,140
1729805584.912939,140
1729805584.9149797,156
1729805584.9170344,156
1729805584.9191356,243
1729805584.921225,363
1729805584.9232852,363
1729805584.9253345,483
1729805584.92739,599
1729805584.9294446,599
1729805584.9314957,453
1729805584.9335382,450
1729805584.9355857,573
1729805584.937648,700
1729805584.9397151,717
1729805584.9417648,532
1729805584.9438224,532
1729805584.9458745,743
1729805584.947916,743
1729805584.9499567,904
1729805584.9519975,904
1729805584.9540732,904
1729805584.9561572,904
1729805584.9582057,838
1729805584.9602547,749
1729805584.9622984,941
1729805584.9643397,852
1729805584.9663815,827
1729805584.9684403,827
1729805584.9704976,790
1729805584.9725783,834
1729805584.9746394,1020
1729805584.9767034,1004
1729805584.9787533,1004
1729805584.9808116,856
1729805584.9828641,856
1729805584.9849136,885
1729805584.986986,837
1729805584.9890633,837
1729805584.9911127,764
1729805584.993164,764
1729805584.9952097,745
1729805585.001297,696
1729805585.0034091,656
1729805585.005494,594
1729805585.0075405,594
1729805585.009586,565
1729805585.0116465,552
1729805585.0136926,552
1729805585.0157955,517
1729805585.0178654,500
1729805585.0199435,483
1729805585.0220206,467
1729805585.024072,437
1729805585.0261204,422
1729805585.028166,422
1729805585.0302224,407
1729805585.0322895,380
1729805585.034338,380
1729805585.0364103,356
1729805585.0384858,356
1729805585.0405352,331
1729805585.0425966,322
1729805585.0446782,322
1729805585.046727,300
1729805585.0487978,291
1729805585.0508537,281
1729805585.0529213,273
1729805585.054998,273
1729805585.057054,273
1729805585.059102,273
1729805585.0611491,264
1729805585.0631986,248
1729805585.065251,226
1729805585.0673058,226
1729805585.0693805,212
1729805585.0714614,199
1729805585.07351,199
1729805585.0755541,194
1729805585.077599,186
1729805585.0796685,182
1729805585.0817366,170
1729805585.0837831,166
1729805585.0858817,162
1729805585.0880094,156
1729805585.0900743,152
1729805585.0921211,148
1729805585.0941653,139
1729805585.09621,139
1729805585.1010756,139
1729805585.103206,130
1729805585.1052978,121
1729805585.1073513,119
1729805585.1094022,116
1729805585.1114476,114
1729805585.113498,109
1729805585.1155572,106
1729805585.117639,104
1729805585.119716,100
1729805585.1217973,100
1729805585.1238546,100
1729805585.1259084,96
1729805585.1279614,90
1729805585.130031,90
1729805585.1320994,87
1729805585.134157,87
1729805585.136237,86
1729805585.1383154,86
1729805585.140366,81
1729805585.1424341,80
1729805585.1445022,80
1729805585.1465566,75
1729805585.1486042,73
1729805585.150663,73
1729805585.1527426,73
1729805585.1548111,72
1729805585.156857,72
1729805585.1589084,72
1729805585.1609583,72
1729805585.1630065,72
1729805585.1650522,70
1729805585.1670992,68
1729805585.1691544,64
1729805585.171225,61
1729805585.1732905,61
1729805585.175334,59
1729805585.1773794,59
1729805585.1794217,58
1729805585.1814728,58
1729805585.1835256,57
1729805585.185573,56
1729805585.1876554,56
1729805585.1897554,54
1729805585.1918056,54
1729805585.193848,53
1729805585.1959007,53
1729805585.2004764,53
1729805585.2025702,52
1729805585.2046516,52
1729805585.206714,51
1729805585.208758,50
1729805585.2108011,50
1729805585.212857,49
1729805585.2149062,44
1729805585.2169566,44
1729805585.2190528,44
1729805585.2211282,23
1729805585.2231798,-5
1729805585.225224,-5
1729805585.2272677,-50
1729805585.2293186,-115
1729805585.231367,-162
1729805585.2334101,-243
1729805585.2354517,-230
1729805585.237516,-230
1729805585.2395797,-314
1729805585.2416458,-778
1729805585.2436943,-778
1729805585.2457695,-772
1729805585.2478108,-810
1729805585.2498548,-1222
1729805585.2518985,-1222
1729805585.253949,-1364
1729805585.2560096,-1364
1729805585.2580504,-1578
1729805585.2600927,-1578
1729805585.2621403,-1578
1729805585.2641864,-1578
1729805585.266229,-1602
1729805585.2682738,-1674
1729805585.2703288,-1954
1729805585.2723894,-1954
1729805585.2744315,-1957
1729805585.2764738,-1980
1729805585.2785149,-2048
1729805585.280567,-2048
1729805585.2826307,-2048
1729805585.284647,-2048
1729805585.2867372,-2048
1729805585.2887988,-2048
1729805585.2908478,-2042
1729805585.2928872,-2042
1729805585.2949312,-2048
1729805585.2998254,-2048
1729805585.3018954,-2048
1729805585.303968,-2048
1729805585.3060362,-2048
1729805585.3080812,-2048
1729805585.3101273,-2048
1729805585.312174,-2048
1729805585.3142192,-1980
1729805585.3162935,-1949
1729805585.3183827,-1922
1729805585.320469,-1922
1729805585.322538,-1900
1729805585.3245876,-1893
1729805585.3266444,-1893
1729805585.3287172,-1893
1729805585.3307807,-1893
1729805585.3328323,-1803
1729805585.3348966,-1541
1729805585.3369765,-1541
1729805585.3390484,-1558
1729805585.3411193,-1124
1729805585.3431947,-1032
1729805585.3452473,-1032
1729805585.34729,-1076
1729805585.3493352,-1021
1729805585.3513832,-973
1729805585.353454,-817
1729805585.3555396,-817
1729805585.3576057,-817
1729805585.359669,-817
1729805585.361745,-817
1729805585.3637972,-817
1729805585.3658478,-817
1729805585.3678963,-822
1729805585.3699694,-932
1729805585.3720446,-932
1729805585.3740897,-812
1729805585.3761368,-636
1729805585.3781788,-760
1729805585.3802202,-637
1729805585.3822622,-637
1729805585.3843036,-532
1729805585.3863664,-904
1729805585.388431,-904
1729805585.3904762,-418
1729805585.3925197,-418
1729805585.3945613,-440
1729805585.4003386,-492
1729805585.4024372,-307
1729805585.4045272,-321
1729805585.4065874,-509
1729805585.4086452,-635
1729805585.4106417,-110
1729805585.4126472,-110
1729805585.4146466,-92
1729805585.4167087,-395
1729805585.4187984,-315
1729805585.4208765,500
1729805585.4229455,500
1729805585.424993,612
1729805585.4270415,612
1729805585.42909,221
1729805585.4311395,-81
1729805585.433185,-81
1729805585.4352574,-408
1729805585.4373376,-408
1729805585.4393973,-244
1729805585.4414477,-244
1729805585.4434958,-385
1729805585.4455426,-435
1729805585.4475937,-435
1729805585.4496405,-439
1729805585.4516697,-150
1729805585.453791,-150
1729805585.4558814,-75
1729805585.4579296,-75
1729805585.459975,-151
1729805585.462017,-151
1729805585.4640555,104
1729805585.4661024,104
1729805585.4681509,132
1729805585.4702415,132
1729805585.4723158,-98
1729805585.4743764,-235
1729805585.4764252,-189
1729805585.478473,-201
1729805585.480526,-246
1729805585.48259,-246
1729805585.484664,-123
1729805585.4867387,-116
1729805585.4888096,-163
1729805585.4908743,-182
1729805585.4929392,-182
1729805585.494997,-115
1729805585.4981234,-115
1729805585.5032837,93
1729805585.5053785,65
1729805585.5074282,65
1729805585.509472,138
1729805585.5115192,189
1729805585.513564,189
1729805585.5156186,244
1729805585.5177014,244
1729805585.519791,262
1729805585.5218618,300
1729805585.5239072,404
1729805585.5259705,404
1729805585.5280354,458
1729805585.5301,516
1729805585.532167,605
1729805585.5342205,685
1729805585.536286,661
1729805585.538355,661
1729805585.5403996,668
1729805585.5424619,692
1729805585.5445251,693
1729805585.5466049,681
1729805585.548669,759
1729805585.5507154,773
1729805585.5528328,741
1729805585.554909,708
1729805585.5569885,695
1729805585.5590646,709
1729805585.5611136,709
1729805585.5631557,720
1729805585.565201,720
1729805585.5672472,720
1729805585.5693145,720
1729805585.5713847,690
1729805585.5734668,690
1729805585.5755446,637
1729805585.577597,573
1729805585.5796485,578
1729805585.5816941,578
1729805585.5838296,633
1729805585.5858955,619
1729805585.58796,626
1729805585.5900054,576
1729805585.5920534,576
1729805585.5940938,544
1729805585.5961373,598
1729805585.6008801,598
1729805585.6030157,794
1729805585.6050975,749
1729805585.6071439,749
1729805585.6091866,833
1729805585.6112306,833
1729805585.6132705,867
1729805585.615343,897
1729805585.6174295,914
1729805585.6195133,936
1729805585.6215804,936
1729805585.623645,1076
1729805585.6256998,1028
1729805585.6277459,1028
1729805585.6298068,876
1729805585.6318638,866
1729805585.6339123,850
1729805585.6359584,850
1729805585.638003,835
1729805585.6400483,818
1729805585.6420922,818
1729805585.6441352,818
1729805585.6461773,868
1729805585.6482244,900
1729805585.650268,929
1729805585.6523125,923
1729805585.6543565,923
1729805585.6563976,954
1729805585.6584423,929
1729805585.660488,918
1729805585.6625311,918
1729805585.6645725,890
1729805585.6666162,890
1729805585.6686742,890
1729805585.6707208,890
1729805585.6727674,890
1729805585.674813,890
1729805585.676855,890
1729805585.6789064,890
1729805585.6809518,916
1729805585.6830032,762
1729805585.6850536,762
1729805585.687097,762
1729805585.6891382,762
1729805585.6911788,682
1729805585.6932232,682
1729805585.6952646,1206
1729805585.7001357,1206
1729805585.7022324,1237
1729805585.704295,1237
1729805585.7063408,1206
1729805585.708385,1203
1729805585.7104306,1180
1729805585.7124772,1194
1729805585.7145474,1194
1729805585.7166471,1232
1729805585.7187257,1202
1729805585.720793,1094
1729805585.7228358,1012
1729805585.7248878,983
1729805585.7269297,992
1729805585.728973,978
1729805585.7310185,978
1729805585.733059,978
1729805585.7350986,978
1729805585.7371387,978
1729805585.7391796,978
1729805585.7412186,978
1729805585.7432587,978
1729805585.745297,1061
1729805585.7473388,1121
1729805585.7493882,1011
1729805585.7514448,1011
1729805585.7535152,857
1729805585.7555952,821
1729805585.7576456,821
1729805585.7596934,785
1729805585.761743,757
1729805585.7637947,707
1729805585.7658432,694
1729805585.7678833,726
1729805585.769948,726
1729805585.7720144,726
1729805585.7740679,726
1729805585.7761147,726
1729805585.7781584,726
1729805585.780201,726
1729805585.7822437,724
1729805585.7842917,724
1729805585.7863533,724
1729805585.78843,724
1729805585.7904758,692
1729805585.7925222,683
1729805585.7945695,504
1729805585.7987168,504
1729805585.800809,509
1729805585.802887,396
1729805585.804951,386
1729805585.806995,386
1729805585.8090353,392
1729805585.81108,392
1729805585.81312,325
1729805585.8151855,311
1729805585.8172736,281
1729805585.819387,281
1729805585.8214746,284
1729805585.823535,272
1729805585.8255792,272
1729805585.8276386,192
1729805585.8296778,192
1729805585.8317988,288
1729805585.8338606,308
1729805585.8359163,308
1729805585.8379831,278
1729805585.8400404,262
1729805585.842087,247
1729805585.8441312,170
1729805585.8461745,170
1729805585.848215,140
1729805585.8502579,140
1729805585.852303,192
1729805585.8543513,166
1729805585.8563983,166
1729805585.8584418,166
1729805585.8604832,172
1729805585.8625257,180
1729805585.864569,171
1729805585.866664,171
1729805585.8687673,171
1729805585.870918,132
1729805585.8730054,185
1729805585.8750825,185
1729805585.877148,185
1729805585.879213,185
1729805585.8812785,185
1729805585.8833482,181
1729805585.885424,183
1729805585.8875046,145
1729805585.8895848,136
1729805585.8916535,136
1729805585.8937309,124
1729805585.897084,146
1729805585.9003317,160
1729805585.9025338,136
1729805585.9046316,96
1729805585.9067087,96
1729805585.9087632,48
1729805585.9108424,116
1729805585.9128852,117
1729805585.914946,73
1729805585.917041,-20
1729805585.9191527,-7
1729805585.921269,-7
1729805585.9233506,-131
1729805585.9254048,-213
1729805585.9274607,-213
1729805585.9295285,-134
1729805585.931588,-134
1729805585.933639,-259
1729805585.9356544,-677
1729805585.9377089,-585
1729805585.9397445,-153
1729805585.9417892,-98
1729805585.9438264,-579
1729805585.9458663,-579
1729805585.9479156,-622
1729805585.9499674,-722
1729805585.9520333,-722
1729805585.954106,-937
1729805585.95616,-937
1729805585.9582052,-937
1729805585.9602506,-1169
1729805585.9623013,-1169
1729805585.9643493,-807
1729805585.9663944,-675
1729805585.9684443,-772
1729805585.9705021,-1412
1729805585.9725537,-2021
1729805585.9745977,-2011
1729805585.976643,-2011
1729805585.9787362,-2011
1729805585.9808137,-2048
1729805585.9828644,-2048
1729805585.984922,-1924
1729805585.9869976,-1735
1729805585.9890683,-1735
1729805585.9911253,-1863
1729805585.9931858,-2026
1729805585.9952343,-2048
1729805585.9975312,-2048
1729805586.0027378,-1928
1729805586.004836,-1717
1729805586.0068848,-1717
1729805586.008926,-1844
1729805586.0109696,-1976
1729805586.013013,-2048
1729805586.0150733,-2048
1729805586.017155,-2048
1729805586.0192282,-2012
1729805586.0212834,-2012
1729805586.0233254,-1873
1729805586.0253673,-1875
1729805586.02741,-1875
1729805586.0294542,-1878
1729805586.0314977,-1878
1729805586.03354,-1859
1729805586.0355814,-1798
1729805586.0376387,-1756
1729805586.039685,-1756
1729805586.0417318,-1756
1729805586.043781,-1658
1729805586.0458362,-1638
1729805586.0478911,-1601
1729805586.0499341,-1554
1729805586.0519755,-1554
1729805586.054015,-1448
1729805586.0560558,-1448
1729805586.0580962,-1364
1729805586.060136,-1317
1729805586.0621774,-1317
1729805586.064217,-1252
1729805586.066257,-1252
1729805586.0682988,-1176
1729805586.0703404,-1142
1729805586.0723808,-1142
1729805586.0744228,-1064
1729805586.076464,-1064
1729805586.0785055,-1021
1729805586.0805473,-1021
1729805586.082591,-1021
1729805586.0846336,-1021
1729805586.0866783,-987
1729805586.088721,-956
1729805586.090767,-838
1729805586.0928075,-776
1729805586.094848,-747
1729805586.1000257,-747
1729805586.1021202,-565
1729805586.1041873,-565
1729805586.106234,-536
1729805586.108276,-535
1729805586.1103165,-535
1729805586.1123564,-413
1729805586.114421,-413
1729805586.1164985,-407
1729805586.118574,-421
1729805586.120642,-401
1729805586.1227076,-311
1729805586.1247618,-311
1729805586.1268134,-169
1729805586.128882,-225
1729805586.130925,-225
1729805586.1329668,-229
1729805586.1350102,-182
1729805586.1370535,-133
1729805586.139097,-173
1729805586.1411378,-173
1729805586.1431787,-162
1729805586.145219,-162
1729805586.1472592,-7
1729805586.149301,-7
1729805586.1513405,-7
1729805586.1533818,11
1729805586.155423,45
1729805586.1574633,132
1729805586.1595044,208
1729805586.161547,208
1729805586.1635885,261
1729805586.1656456,386
1729805586.167692,388
1729805586.1697683,388
1729805586.1718175,341
1729805586.1738744,217
1729805586.1759174,217
1729805586.1779585,377
1729805586.1799982,533
1729805586.1820397,533
1729805586.1840794,533
1729805586.186126,533
1729805586.1881769,426
1729805586.1902225,426
1729805586.192265,177
1729805586.1943083,448
1729805586.1975532,409
1729805586.2007728,409
1729805586.202888,449
1729805586.204964,475
1729805586.2070053,475
1729805586.2090514,475
1729805586.211091,482
1729805586.2131333,455
1729805586.2151942,393
1729805586.2172751,393
1729805586.219358,297
1729805586.2214239,297
1729805586.223468,391
1729805586.2255125,461
1729805586.227555,345
1729805586.229598,231
1729805586.2316384,231
1729805586.2336807,247
1729805586.2357252,338
1729805586.2377675,328
1729805586.239807,268
1729805586.241851,268
1729805586.2438939,280
1729805586.245937,280
1729805586.2479765,163
1729805586.2500215,163
1729805586.2520602,-1
1729805586.2541018,0
1729805586.2561495,0
1729805586.2581882,215
1729805586.2602649,214
1729805586.2623093,226
1729805586.264354,226
1729805586.2663956,233
1729805586.2684388,273
1729805586.2704837,273
1729805586.2725272,212
1729805586.274569,117
1729805586.2766123,117
1729805586.278665,22
1729805586.2807086,37
1729805586.282747,29
1729805586.2847893,29
1729805586.2868326,29
1729805586.2888803,70
1729805586.290932,70
1729805586.2929797,150
1729805586.295021,84
1729805586.2974105,-72
1729805586.3007424,-72
1729805586.3028355,251
1729805586.3049035,274
1729805586.3069446,274
1729805586.3089857,117
1729805586.3110275,157
1729805586.3130698,169
1729805586.3151326,224
1729805586.3172143,324
1729805586.3192937,324
1729805586.321357,248
1729805586.323399,231
1729805586.3254385,231
1729805586.3274815,231
1729805586.3295221,231
1729805586.3315609,231
1729805586.3336043,231
1729805586.3356624,233
1729805586.337738,189
1729805586.339793,330
1729805586.3418348,305
1729805586.3438756,305
1729805586.3459167,355
1729805586.3479571,437
1729805586.3499975,264
1729805586.352037,262
1729805586.3540816,249
1729805586.3561244,300
1729805586.3581657,371
1729805586.3602052,371
1729805586.362245,296
1729805586.3642855,296
1729805586.366325,296
1729805586.3683648,208
1729805586.370413,179
1729805586.372462,253
1729805586.374504,253
1729805586.3765442,262
1729805586.3785846,466
1729805586.3806255,466
1729805586.3826828,522
1729805586.384724,352
1729805586.3867862,352
1729805586.388863,352
1729805586.3909123,352
1729805586.392957,196
1729805586.395002,196
1729805586.397111,284
1729805586.4003344,284
1729805586.4024804,631
1729805586.4045584,631
1729805586.4066021,261
1729805586.408642,132
1729805586.41069,0
1729805586.4127765,-213
1729805586.414854,164
1729805586.416948,379
1729805586.4190302,290
1729805586.4210944,290
1729805586.4231386,276
1729805586.4251828,685
1729805586.4272232,721
1729805586.4292667,269
1729805586.4313073,269
1729805586.433348,281
1729805586.4353878,281
1729805586.4374495,116
1729805586.4395158,-82
1729805586.4415622,-53
1729805586.4436088,28
1729805586.445666,28
1729805586.447715,316
1729805586.449757,147
1729805586.4517972,-436
1729805586.4538555,-709
1729805586.455921,-359
1729805586.4579637,39
1729805586.4600062,39
1729805586.4620469,-247
1729805586.4640872,-235
1729805586.4661272,306
1729805586.4681861,306
1729805586.4702554,101
1729805586.4723103,-189
1729805586.4743598,87
1729805586.4764104,87
1729805586.4784553,242
1729805586.4805007,237
1729805586.4825616,-27
1729805586.4846387,-169
1729805586.4866633,-169
1729805586.488729,-36
1729805586.490776,-36
1729805586.4928205,-36
1729805586.4948652,-36
1729805586.4980836,-36
1729805586.5016682,-36
1729805586.5038438,-36
1729805586.5059128,215
1729805586.507977,230
1729805586.5100374,103
1729805586.512088,215
1729805586.5141392,182
1729805586.516188,273
1729805586.518241,472
1729805586.5202994,472
1729805586.5223565,472
1729805586.5243986,500
1729805586.526445,348
1729805586.5284927,348
1729805586.5305398,314
1729805586.5325887,339
1729805586.5346372,339
1729805586.536646,397
1729805586.5386944,397
1729805586.5407429,394
1729805586.542787,370
1729805586.5448427,322
1729805586.546887,243
1729805586.548933,256
1729805586.550977,328
1729805586.5530345,432
1729805586.555108,432
1729805586.5571787,392
1729805586.559249,384
1729805586.5613012,384
1729805586.5633485,338
1729805586.5653994,338
1729805586.567444,297
1729805586.5695114,297
1729805586.5715811,305
1729805586.573673,306
1729805586.575752,306
1729805586.5778039,291
1729805586.5798616,291
1729805586.5819097,322
1729805586.5839565,372
1729805586.5860224,372
1729805586.58809,293
1729805586.5901406,249
1729805586.592191,249
1729805586.59424,249
1729805586.600519,249
1729805586.6027286,235
1729805586.6048334,331
1729805586.6068883,192
1729805586.608934,392
1729805586.6109776,547
1729805586.6130178,348
1729805586.6150596,348
1729805586.6171181,349
1729805586.61921,327
1729805586.6212857,327
1729805586.6233287,375
1729805586.6253777,375
1729805586.6274548,388
1729805586.6295042,501
1729805586.6315498,516
1729805586.6335938,481
1729805586.6356626,481
1729805586.63773,659
1729805586.639784,659
1729805586.6418257,541
1729805586.6438699,427
1729805586.645916,427
1729805586.6479619,644
1729805586.6500082,644
1729805586.652064,619
1729805586.6541402,507
1729805586.656206,396
1729805586.6582646,348
1729805586.6603208,348
1729805586.6623657,278
1729805586.66441,361
1729805586.6664588,328
1729805586.6685266,214
1729805586.670602,214
1729805586.6726642,75
1729805586.6747131,57
1729805586.6767612,165
1729805586.6788056,120
1729805586.6808517,120
1729805586.6829052,-76
1729805586.6849678,-241
1729805586.6870558,81
1729805586.689122,146
1729805586.6911736,146
1729805586.6932178,3
1729805586.695267,3
1729805586.6982594,3
1729805586.7013993,3
1729805586.7035294,-2
1729805586.7056017,-2
1729805586.7076628,-170
1729805586.709716,-65
1729805586.7117598,-40
1729805586.7138047,-49
1729805586.7158623,-94
1729805586.718033,-228
1729805586.7200966,-108
1729805586.722167,-108
1729805586.7242115,106
1729805586.7262604,106
1729805586.728312,-3
1729805586.730361,-113
1729805586.732407,-141
1729805586.7344522,-87
1729805586.7365067,-87
1729805586.7385676,-118
1729805586.7406166,-118
1729805586.742673,-149
1729805586.7447171,-171
1729805586.7467642,-171
1729805586.748817,-170
1729805586.7508583,-165
1729805586.7529097,-165
1729805586.7549672,-118
1729805586.757015,120
1729805586.7590628,177
1729805586.7611072,177
1729805586.7631493,200
1729805586.765194,243
1729805586.767243,281
1729805586.7692933,161
1729805586.7713423,161
1729805586.7733855,85
1729805586.7754295,85
1729805586.7774785,6
1729805586.7795243,137
1729805586.7815678,137
1729805586.7836084,394
1729805586.7856503,394
1729805586.7877057,313
1729805586.7897596,265
1729805586.7918484,260
1729805586.7939346,201
1729805586.7959847,201
1729805586.7990794,201
1729805586.8011575,201
1729805586.8032281,88
1729805586.805296,210
1729805586.8073463,176
1729805586.8093956,235
1729805586.811443,257
1729805586.8134904,235
1729805586.8155446,244
1729805586.817614,244
1729805586.819679,187
1729805586.821763,183
1729805586.8238103,165
1729805586.8258555,155
1729805586.827905,192
1729805586.8299553,192
1729805586.8319976,199
1729805586.834041,164
1729805586.8360908,98
1729805586.8381555,134
1729805586.8402126,134
1729805586.842254,92
1729805586.8442998,92
1729805586.8463438,-123
1729805586.8483937,-50
1729805586.8504393,118
1729805586.85249,219
1729805586.8545496,230
1729805586.8566067,20
1729805586.858692,20
1729805586.860762,55
1729805586.8628094,147
1729805586.8648593,147
1729805586.8669043,227
1729805586.8689702,-40
1729805586.8710508,-40
1729805586.8730977,91
1729805586.8751493,91
1729805586.8771932,169
1729805586.879243,169
1729805586.8812912,32
1729805586.883337,-58
1729805586.8853862,-58
1729805586.8874345,-76
1729805586.8894856,359
1729805586.8915348,420
1729805586.8935833,-131
1729805586.8956478,-379
1729805586.9006433,-379
1729805586.9028034,-136
1729805586.9048774,-77
1729805586.9069302,133
1729805586.9089816,133
1729805586.9110236,33
1729805586.9130688,-39
1729805586.9151134,-113
1729805586.9171696,-113
1729805586.9192362,-178
1729805586.9212956,-178
1729805586.9233463,-34
1729805586.925392,147
1729805586.9274416,324
1729805586.929492,345
1729805586.9315372,260
1729805586.9335818,229
1729805586.935645,87
1729805586.9377577,96
1729805586.9398167,-389
1729805586.9418626,-563
1729805586.9439118,-251
1729805586.9459534,27
1729805586.9479988,74
1729805586.950048,-139
1729805586.9520981,-139
1729805586.9541545,-170
1729805586.956201,52
1729805586.9582493,52
1729805586.960297,-135
1729805586.9623399,-135
1729805586.9643807,-205
1729805586.9664233,91
1729805586.9684708,91
1729805586.9705174,208
1729805586.9725657,217
1729805586.9746118,171
1729805586.9766672,87
1729805586.9787169,45
1729805586.9808104,124
1729805586.982858,147
1729805586.9849026,114
1729805586.9869585,120
1729805586.9890244,120
1729805586.9910707,101
1729805586.9931188,101
1729805586.9951751,179
1729805587.0012577,179
1729805587.0034094,135
1729805587.0054743,55
1729805587.007524,55
1729805587.0095716,91
1729805587.0116186,89
1729805587.01364,89
1729805587.0156653,89
1729805587.0177376,89
1729805587.0198011,89
1729805587.0218556,89
1729805587.0239022,89
1729805587.0259495,57
1729805587.0279977,-89
1729805587.0300462,-75
1729805587.0320966,-75
1729805587.034144,-74
1729805587.0361938,-97
1729805587.0382462,-72
1729805587.040296,-72
1729805587.0423403,-54
1729805587.0443945,-52
1729805587.0464487,-9
1729805587.0484984,-9
1729805587.050543,-29
1729805587.0525963,-29
1729805587.0546467,-73
1729805587.0567412,-71
1729805587.058803,-50
1729805587.0608506,-28
1729805587.0628977,-22
1729805587.0649462,-73
1729805587.06699,-20
1729805587.069038,-20
1729805587.0710945,35
1729805587.0731437,41
1729805587.0751944,-131
1729805587.077242,-131
1729805587.0792863,-73
1729805587.081334,225
1729805587.0833814,225
1729805587.0854273,48
1729805587.0874822,48
1729805587.0895333,66
1729805587.0915828,136
1729805587.0936449,136
1729805587.0956423,265
1729805587.1010618,265
1729805587.1032054,28
1729805587.1052797,28
1729805587.1073203,28
1729805587.1093662,28
1729805587.1114173,325
1729805587.1134691,226
1729805587.1155214,71
1729805587.1175818,246
1729805587.1196537,246
1729805587.121719,180
1729805587.1237638,227
1729805587.1258075,100
1729805587.1278536,35
1729805587.1299071,6
1729805587.131955,91
1729805587.1339982,91
1729805587.1360419,35
1729805587.1380925,20
1729805587.140144,20
1729805587.1421876,132
1729805587.144233,185
1729805587.1462853,152
1729805587.1483324,132
1729805587.1503808,132
1729805587.1524231,215
1729805587.1544678,167
1729805587.1565151,167
1729805587.1585596,-13
1729805587.1606112,-13
1729805587.1626735,91
1729805587.1647217,196
1729805587.1667705,157
1729805587.1688168,35
1729805587.1709063,87
1729805587.172956,189
1729805587.1749983,186
1729805587.1770408,186
1729805587.1790838,122
1729805587.1811337,131
1729805587.183179,212
1729805587.1852221,212
1729805587.187265,149
1729805587.1893153,133
1729805587.1913655,204
1729805587.1934102,342
1729805587.1954558,342
1729805587.2008893,268
1729805587.2029824,451
1729805587.205046,451
1729805587.2070863,451
1729805587.2091322,451
1729805587.2111819,451
1729805587.2132318,451
1729805587.2152824,451
1729805587.2173474,451
1729805587.2194197,451
1729805587.2214892,471
1729805587.223535,438
1729805587.2255795,493
1729805587.2276378,456
1729805587.229691,456
1729805587.2317836,534
1729805587.2338285,530
1729805587.2358975,530
1729805587.2379785,245
1729805587.240027,245
1729805587.242091,219
1729805587.244153,160
1729805587.2461994,323
1729805587.2482429,435
1729805587.250292,435
1729805587.2523522,197
1729805587.2544155,197
1729805587.2564669,133
1729805587.2585144,98
1729805587.2605608,55
1729805587.2626066,56
1729805587.2646394,56
1729805587.2666414,153
1729805587.2686465,199
1729805587.2707076,199
1729805587.2728417,51
1729805587.274887,51
1729805587.2769315,91
1729805587.2789838,66
1729805587.2810311,-37
1729805587.2830794,-18
1729805587.2851374,-18
1729805587.2872112,-42
1729805587.28928,-42
1729805587.2913287,8
1729805587.2933736,64
1729805587.2954164,64
1729805587.3006773,-146
1729805587.3027666,-305
1729805587.304835,-232
1729805587.306887,-232
1729805587.308929,-232
1729805587.310971,-232
1729805587.3130155,-232
1729805587.31507,-232
1729805587.3171308,96
1729805587.3191917,96
1729805587.3212562,112
1729805587.3233106,-135
1729805587.3253584,-135
1729805587.3274033,-135
1729805587.3294492,-135
1729805587.3314977,-182
1729805587.3335693,67
1729805587.3356495,67
1729805587.3377078,-37
1729805587.3398278,-25
1729805587.3418865,-24
1729805587.3439374,-24
1729805587.3459845,-23
1729805587.348036,-181
1729805587.3500817,-181
1729805587.3521452,3
1729805587.3542092,-59
1729805587.3562565,-109
1729805587.3583326,-103
1729805587.3603833,-114
1729805587.3673975,-86
1729805587.3694482,-86
1729805587.371494,-49
1729805587.3735409,18
1729805587.375584,116
1729805587.3776388,155
1729805587.37964,155
1729805587.3816833,98
1729805587.3837276,98
1729805587.3857834,-170
1729805587.3878472,-122
1729805587.3898985,-23
1729805587.3919487,-66
1729805587.3939965,-41
1729805587.3974125,-41
1729805587.4008994,-41
1729805587.403056,90
1729805587.4051273,-76
1729805587.4071722,28
1729805587.409218,28
1729805587.4112604,28
1729805587.4133043,28
1729805587.4153495,28
1729805587.417415,-203
1729805587.4194748,-203
1729805587.4215298,-259
1729805587.4235811,428
1729805587.4256365,-69
1729805587.427644,-69
1729805587.4296947,182
1729805587.4317617,721
1729805587.433814,-65
1729805587.4358938,-154
1729805587.437946,152
1729805587.439996,316
1729805587.4420414,33
1729805587.4440875,-261
1729805587.446132,-261
1729805587.4481761,-72
1729805587.4502296,439
1729805587.4522872,149
1729805587.4543428,76
1729805587.4563932,198
1729805587.458442,198
1729805587.4604824,-23
1729805587.4625313,-23
1729805587.4645727,-23
1729805587.4666154,176
1729805587.4686787,180
1729805587.470728,233
1729805587.4728024,202
1729805587.4748476,260
1729805587.476891,304
1729805587.4789345,272
1729805587.4809797,314
1729805587.4830272,314
1729805587.485075,314
1729805587.487136,375
1729805587.4891906,433
1729805587.4912336,433
1729805587.4932797,433
1729805587.4953206,452
1729805587.4976463,452
1729805587.5031831,378
1729805587.505267,406
1729805587.507314,406
1729805587.5093582,442
1729805587.511409,468
1729805587.5134544,468
1729805587.5155063,468
1729805587.5175672,468
1729805587.5196433,468
1729805587.5217092,528
1729805587.5237544,537
1729805587.5257974,324
1729805587.52784,300
1729805587.529886,316
1729805587.5319412,347
1729805587.5339963,373
1729805587.5360613,424
1729805587.5381284,407
1729805587.5401773,502
1729805587.5422263,502
1729805587.544276,547
1729805587.5463233,421
1729805587.5483706,421
1729805587.5504153,361
1729805587.5524623,361
1729805587.5545104,368
1729805587.5565813,368
1729805587.5586524,289
1729805587.5607767,230
1729805587.5628316,272
1729805587.5648787,231
1729805587.5669246,162
1729805587.5689862,100
1729805587.5710673,58
1729805587.573195,58
1729805587.575285,66
1729805587.5773556,89
1729805587.5794604,27
1729805587.581569,-60
1729805587.5836792,-60
1729805587.5857618,26
1729805587.5878787,-5
1729805587.589987,-27
1729805587.5920632,74
1729805587.5941691,74
1729805587.5962725,-11
1729805587.601532,-118
1729805587.603661,-26
1729805587.6057491,25
1729805587.6079073,-74
1729805587.6100175,-164
1729805587.6121004,-76
1729805587.6142035,-99
1729805587.6162927,-99
1729805587.6183784,-99
1729805587.620438,-99
1729805587.6224873,-99
1729805587.6245365,-136
1729805587.6265845,-167
1729805587.6286402,-167
1729805587.6306412,-39
1729805587.6326838,-74
1729805587.6347246,-151
1729805587.6367657,-345
1729805587.638828,-312
1729805587.6408718,-279
1729805587.6429348,-279
1729805587.6450014,-236
1729805587.6470509,-284
1729805587.6490967,-393
1729805587.651141,-453
1729805587.6532066,-453
1729805587.6552727,-402
1729805587.6573675,-453
1729805587.6594794,-409
1729805587.661547,-504
1729805587.6636596,-504
1729805587.6657703,-286
1729805587.6678798,-286
1729805587.6699588,-154
1729805587.6720386,-259
1729805587.6741445,-259
1729805587.6762195,-302
1729805587.6783237,-302
1729805587.6803894,-396
1729805587.6824355,-356
1729805587.6844912,-260
1729805587.6865733,-154
1729805587.688701,-154
1729805587.6907797,-200
1729805587.6928265,-198
1729805587.6948707,-34
1729805587.7013395,-88
1729805587.7034712,-23
1729805587.7055438,119
1729805587.7075942,-221
1729805587.7096393,-221
1729805587.7116854,-6
1729805587.7137444,-6
1729805587.7158167,89
1729805587.7178898,89
1729805587.719959,89
1729805587.7220325,89
1729805587.7240844,89
1729805587.72613,89
1729805587.7281764,-77
1729805587.7302208,-77
1729805587.7322946,-77
1729805587.7343376,-77
1729805587.7364044,-77
1729805587.7384746,-244
1729805587.7405186,171
1729805587.7425601,68
1729805587.7446048,-104
1729805587.746666,21
1729805587.7487078,21
1729805587.7507522,282
1729805587.7528164,353
1729805587.7548864,170
1729805587.7569299,170
1729805587.7589703,164
1729805587.7610116,164
1729805587.7630517,109
1729805587.7650914,-129
1729805587.7671294,-129
1729805587.7691886,17
1729805587.7712557,17
1729805587.7733037,93
1729805587.7753477,123
1729805587.7773886,166
1729805587.7794297,166
1729805587.7814693,90
1729805587.7835095,42
1729805587.7855666,53
1729805587.7876487,69
1729805587.789699,69
1729805587.791768,133
1729805587.7938125,169
1729805587.7958534,147
1729805587.7978983,147
1729805587.80107,147
1729805587.803218,41
1729805587.8052962,87
1729805587.8073425,57
1729805587.809387,57
1729805587.8114278,-49
1729805587.8134727,-49
1729805587.8155317,69
1729805587.8175948,249
1729805587.8196483,226
1729805587.8216956,226
1729805587.8237662,226
1729805587.8258352,97
1729805587.827883,113
1729805587.8299222,88
1729805587.831966,44
1729805587.8340106,28
1729805587.8360546,28
1729805587.8381007,-35
1729805587.8401425,388
1729805587.8421855,372
1729805587.8442283,372
1729805587.8462663,-28
1729805587.8483093,-28
1729805587.8503482,231
1729805587.8523898,153
1729805587.8544333,153
1729805587.8564727,-126
1729805587.8585162,333
1729805587.8605578,509
1729805587.862599,268
1729805587.8646474,-39
1729805587.866691,76
1729805587.868732,76
1729805587.8707788,180
1729805587.8728268,67
1729805587.8748708,-121
1729805587.8769128,96
1729805587.8789554,96
1729805587.8809946,-68
1729805587.8830397,-68
1729805587.885083,-197
1729805587.8871439,473
1729805587.8892152,689
1729805587.8912704,410
1729805587.893313,410
1729805587.895356,163
1729805587.9012764,163
1729805587.9033604,-211
1729805587.9054134,-404
1729805587.9074597,-150
1729805587.9095035,-251
1729805587.9115472,-561
1729805587.9135916,-561
1729805587.915668,120
1729805587.9177299,120
1729805587.9197736,161
1729805587.9218192,-7
1729805587.923868,-7
1729805587.9259143,-7
1729805587.9279583,-7
1729805587.9300005,-71
1729805587.9320455,-71
1729805587.9340856,-59
1729805587.9361644,100
1729805587.9382517,1
1729805587.9403088,1
1729805587.9423678,1
1729805587.9444313,-54
1729805587.9464812,52
1729805587.9485273,52
1729805587.9505749,41
1729805587.9526627,22
1729805587.9547465,20
1729805587.956811,17
1729805587.9588568,17
1729805587.9608984,10
1729805587.962959,10
1729805587.9650223,33
1729805587.9670725,157
1729805587.9691434,157
1729805587.971213,157
1729805587.9732628,157
1729805587.9753184,181
1729805587.9773786,152
1729805587.979429,99
1729805587.981471,55
1729805587.9835148,55
1729805587.9856055,87
1729805587.987659,61
1729805587.9897301,45
1729805587.9918404,42
1729805587.9939075,100
1729805587.9959633,135
1729805587.9997017,135
1729805588.0018108,161
1729805588.0038633,155
1729805588.005897,114
1729805588.007919,114
1729805588.009941,58
1729805588.0119653,136
1729805588.0139904,136
1729805588.0160167,211
1729805588.018044,211
1729805588.0200937,89
1729805588.022158,183
1729805588.0242162,260
1729805588.0264885,260
1729805588.0285134,260
1729805588.030538,260
1729805588.0325646,260
1729805588.0345933,260
1729805588.0366578,213
1729805588.038719,178
1729805588.0407646,194
1729805588.0428073,218
1729805588.0448527,114
1729805588.046897,59
1729805588.04894,57
1729805588.050981,51
1729805588.0530322,51
1729805588.055084,113
1729805588.0571272,161
1729805588.0591726,161
1729805588.0612118,305
1729805588.0632565,227
1729805588.0653007,49
1729805588.0673416,-23
1729805588.069389,118
1729805588.07144,262
1729805588.0734808,262
1729805588.0755246,-10
1729805588.0775735,-149
1729805588.079618,-38
1729805588.0816789,107
1729805588.0837224,123
1729805588.085785,-35
1729805588.0878525,-35
1729805588.0899007,-169
1729805588.0919578,-122
1729805588.0940228,58
1729805588.0974386,-27
1729805588.1028972,-82
1729805588.1050324,-88
1729805588.1070855,-204
1729805588.1091325,-204
1729805588.1111796,-182
1729805588.1132352,-147
1729805588.1152933,-194
1729805588.1173491,-237
1729805588.1194243,-142
1729805588.1215098,-131
1729805588.1235704,-137
1729805588.1256335,-140
1729805588.1276789,-140
1729805588.1297076,-140
1729805588.1317303,-140
1729805588.1337583,-261
1729805588.135842,-236
1729805588.1379163,-109
1729805588.1399813,-40
1729805588.1420395,-51
1729805588.144096,-166
1729805588.146152,-233
1729805588.1482084,-233
1729805588.1502662,-188
1729805588.1523473,-225
1729805588.1544368,-188
1729805588.1565306,-158
1729805588.158586,-158
1729805588.160618,-75
1729805588.1626487,-61
1729805588.1646974,-20
1729805588.1667235,2
1729805588.1689694,2
1729805588.1714547,18
1729805588.1734853,-5
1729805588.1755683,-14
1729805588.1776001,-14
1729805588.1796234,21
1729805588.181635,1
1729805588.183638,1
1729805588.1856472,54
1729805588.187685,124
1729805588.189714,122
1729805588.1917493,122
1729805588.1937711,137
1729805588.1960533,137
1729805588.1992137,137
1729805588.2013028,165
1729805588.2033567,165
1729805588.2054074,3
1729805588.2074325,-11
1729805588.2094793,-34
1729805588.2115505,-53
1729805588.2136104,-53
1729805588.2156577,-36
1729805588.2177293,66
1729805588.2198052,16
1729805588.221864,16
1729805588.224315,16
1729805588.2263527,198
1729805588.2283747,518
1729805588.2303982,518
1729805588.2324302,518
1729805588.2344685,167
1729805588.236501,56
1729805588.2385464,56
1729805588.2405856,373
1729805588.2426105,236
1729805588.2448285,259
1729805588.2469149,410
1729805588.2489371,404
1729805588.2509587,308
1729805588.252991,106
1729805588.255037,49
1729805588.2570648,49
1729805588.259095,49
1729805588.2611308,379
1729805588.2631557,438
1729805588.2655554,438
1729805588.2675915,570
1729805588.269631,1092
1729805588.2716687,1092
1729805588.2736976,890
1729805588.2757308,660
1729805588.2777555,660
1729805588.279827,647
1729805588.2818646,647
1729805588.2838852,828
1729805588.2859173,864
1729805588.2879615,969
1729805588.2900069,1042
1729805588.2920296,1042
1729805588.2940564,1042
1729805588.29609,1042
1729805588.3003907,1042
1729805588.3024445,1042
1729805588.3045006,1042
1729805588.3065317,977
1729805588.3085706,869
1729805588.3106053,898
1729805588.31263,898
1729805588.314653,855
1729805588.3167136,673
1729805588.3187478,645
1729805588.3207948,645
1729805588.3228455,521
1729805588.3248858,456
1729805588.3269243,456
1729805588.3289614,456
1729805588.3310006,456
1729805588.333042,456
1729805588.3350751,456
1729805588.337101,456
1729805588.3391278,499
1729805588.341155,499
1729805588.3431787,453
1729805588.3452034,68
1729805588.3472276,-20
1729805588.3492513,138
1729805588.3512752,53
1729805588.3533018,-321
1729805588.3553286,-72
1729805588.357351,-72
1729805588.359373,-220
1729805588.3613963,-433
1729805588.3634193,-453
1729805588.3654428,-453
1729805588.367466,-609
1729805588.3694904,-609
1729805588.371514,-977
1729805588.3735373,-1044
1729805588.3755615,-604
1729805588.3775852,-246
1729805588.379609,-455
1729805588.3816307,-865
1729805588.383654,-865
1729805588.385678,-236
1729805588.3877003,-236
1729805588.3897233,-235
1729805588.3917482,-1188
1729805588.3937707,-1188
1729805588.3957932,-1067
1729805588.3978908,-1067
1729805588.4013593,-1067
1729805588.403441,104
1729805588.4055364,-218
1729805588.4075947,-218
1729805588.4096427,-558
1729805588.4116426,-694
1729805588.4136424,-694
1729805588.4156873,-1014
1729805588.417733,-1141
1729805588.4197812,-1141
1729805588.421832,-1164
1729805588.4238882,-919
1729805588.4259763,-749
1729805588.4280527,-749
1729805588.4301,-450
1729805588.4321442,-450
1729805588.4341881,-459
1729805588.436232,-659
1729805588.4382775,-659
1729805588.4403248,-659
1729805588.4423692,-827
1729805588.4444144,-827
1729805588.4464583,-233
1729805588.4485025,-588
1729805588.450546,-588
1729805588.4526384,-577
1729805588.4546921,-285
1729805588.4567342,-302
1729805588.458779,-324
1729805588.460823,-211
1729805588.462875,-211
1729805588.464917,-154
1729805588.4669633,-145
1729805588.4690082,-186
1729805588.4710555,-202
1729805588.4731016,-202
1729805588.4751601,-148
1729805588.4772274,-148
1729805588.479272,-53
1729805588.4813156,-44
1729805588.4833615,-44
1729805588.4854023,-18
1729805588.4874513,-18
1729805588.489537,103
1729805588.4916134,103
1729805588.4936738,136
1729805588.49572,119
1729805588.5013893,119
1729805588.503541,116
1729805588.5056682,113
1729805588.5077543,120
1729805588.5098088,140
1729805588.5118637,130
1729805588.5139067,105
1729805588.5159488,105
1729805588.517996,230
1729805588.5200427,226
1729805588.5220819,226
1729805588.5241053,105
1729805588.5261278,133
1729805588.5281525,187
1729805588.5301902,187
1729805588.5322547,187
1729805588.5343175,420
1729805588.5363681,290
1729805588.5384123,290
1729805588.5404377,290
1729805588.542472,71
1729805588.5445364,71
1729805588.5466166,156
1729805588.5486808,83
1729805588.5507271,128
1729805588.552771,250
1729805588.5548139,316
1729805588.5569792,336
1729805588.5590615,503
1729805588.561125,503
1729805588.5631716,503
1729805588.565212,599
1729805588.5672553,599
1729805588.569315,608
1729805588.5713792,627
1729805588.573442,627
1729805588.5754967,667
1729805588.5775805,712
1729805588.5796676,712
1729805588.581741,711
1729805588.5837946,642
1729805588.5858498,601
1729805588.5879216,628
1729805588.589972,764
1729805588.5921538,764
1729805588.5942347,633
1729805588.5977492,732
1729805588.6033564,372
1729805588.605447,426
1729805588.6075208,429
1729805588.6095967,52
1729805588.611645,52
1729805588.6136916,52
1729805588.6158056,262
1729805588.6178586,91
1729805588.6199646,91
1729805588.6221159,-41
1729805588.6241665,-257
1729805588.6262515,-292
1729805588.6283092,-292
1729805588.6303635,-102
1729805588.632415,-300
1729805588.6344674,-513
1729805588.636526,-513
1729805588.6385877,-53
1729805588.6407447,-53
1729805588.6428046,-53
1729805588.644855,-53
1729805588.6477404,-343
1729805588.6498656,-318
1729805588.6519198,-318
1729805588.6540012,-318
1729805588.6560936,-339
1729805588.6581821,-339
1729805588.660254,-164
1729805588.6623306,-359
1729805588.6644,-426
1729805588.6664472,-353
1729805588.6685069,-282
1729805588.670588,-330
1729805588.672649,-330
1729805588.6747,-281
1729805588.6767645,-486
1729805588.678872,-585
1729805588.6809661,-475
1729805588.6830363,-475
1729805588.6851182,-296
1729805588.6871727,-341
1729805588.689233,-341
1729805588.691295,-450
1729805588.6933434,-316
1729805588.695421,-316
1729805588.6981528,-364
1729805588.7017007,-364
1729805588.703909,-146
1729805588.706003,-52
1729805588.708066,-78
1729805588.7101288,-78
1729805588.7121968,-120
1729805588.7142406,-101
1729805588.716289,-46
1729805588.718378,-46
1729805588.72046,-84
1729805588.7225153,-170
1729805588.7245803,-121
1729805588.7266407,-121
1729805588.728644,12
1729805588.7307038,12
1729805588.732771,116
1729805588.7348473,51
1729805588.7369223,51
1729805588.7390053,-59
1729805588.7410703,-59
1729805588.743112,-51
1729805588.74516,-51
1729805588.7472048,-51
1729805588.7492504,84
1729805588.7513065,84
1729805588.7533662,122
1729805588.7554367,99
1729805588.7575016,65
1729805588.7595804,154
1729805588.7616487,154
1729805588.7636924,107
1729805588.7657511,80
1729805588.7678182,74
1729805588.7698913,275
1729805588.771968,275
1729805588.774036,294
1729805588.7761,294
1729805588.7781415,9
1729805588.7801926,49
1729805588.7822487,49
1729805588.784293,177
1729805588.7863736,177
1729805588.78847,38
1729805588.7905254,54
1729805588.792588,147
1729805588.7946568,275
1729805588.7974818,275
1729805588.801084,308
1729805588.803248,115
1729805588.805355,87
1729805588.8074548,87
1729805588.8095393,22
1729805588.8115835,22
1729805588.8136525,8
1729805588.8157253,0
1729805588.8177764,0
1729805588.8199067,65
1729805588.8219945,192
1729805588.824096,192
1729805588.8261437,147
1729805588.8282008,147
1729805588.830276,82
1729805588.8323255,65
1729805588.8343768,57
1729805588.8364766,57
1729805588.8385744,35
1729805588.8406303,51
1729805588.8426628,51
1729805588.844736,75
1729805588.8467824,75
1729805588.8488405,75
1729805588.8509142,76
1729805588.8529818,92
1729805588.8550584,92
1729805588.857131,3
1729805588.8592007,305
1729805588.8612442,305
1729805588.8632996,305
1729805588.8653657,93
1729805588.8674104,194
1729805588.8694813,194
1729805588.8715706,226
1729805588.8736472,-43
1729805588.8756936,-43
1729805588.87775,-27
1729805588.8798184,208
1729805588.881863,279
1729805588.8839183,185
1729805588.886027,185
1729805588.8881009,242
1729805588.890156,214
1729805588.8922374,97
1729805588.8942912,97
1729805588.897535,7
1729805588.9034593,-27
1729805588.9055614,-27
1729805588.9076185,7
1729805588.909632,7
1729805588.9117043,7
1729805588.9137468,-65
1729805588.9157944,-129
1729805588.9178522,-167
1729805588.9199023,-172
1729805588.9219418,-190
1729805588.9239721,-190
1729805588.926008,-99
1729805588.9280508,-2
1729805588.930087,-66
1729805588.9321287,-66
1729805588.9341593,-38
1729805588.9361975,3
1729805588.9382408,20
1729805588.940287,-40
1729805588.9423401,-40
1729805588.944402,49
1729805588.9464521,49
1729805588.9485033,28
1729805588.9505572,28
1729805588.952604,28
1729805588.9546487,128
1729805588.9567776,128
1729805588.958872,169
1729805588.9609547,169
1729805588.9630334,169
1729805588.9651043,48
1729805588.9671617,48
1729805588.9692047,13
1729805588.9712434,50
1729805588.9733593,115
1729805588.9754033,152
1729805588.9774477,152
1729805588.979496,51
1729805588.981546,-91
1729805588.983599,71
1729805588.985649,188
1729805588.987727,188
1729805588.9897907,-23
1729805588.9918237,199
1729805588.9938602,199
1729805588.995907,224
1729805589.0006366,224
1729805589.0028327,87
1729805589.0049388,37
1729805589.0070183,27
1729805589.009094,27
1729805589.0111578,251
1729805589.0132089,233
1729805589.0152748,228
1729805589.0173378,228
1729805589.0194187,196
1729805589.0215023,156
1729805589.0235655,151
1729805589.0256338,151
1729805589.0276487,220
1729805589.0297117,220
1729805589.0317917,216
1729805589.0338383,54
1729805589.0359216,54
1729805589.0380285,167
1729805589.0400944,141
1729805589.0421495,119
1729805589.04423,106
1729805589.0463026,106
1729805589.0483494,124
1729805589.0504017,121
1729805589.0524795,121
1729805589.0545626,121
1729805589.0566165,129
1729805589.0586622,210
1729805589.0607305,210
1729805589.0628347,279
1729805589.0649064,229
1729805589.0669715,229
1729805589.06904,281
1729805589.0711396,281
1729805589.0732296,276
1729805589.0752993,229
1729805589.0773633,152
1729805589.0794406,169
1729805589.0815184,169
1729805589.08357,221
1729805589.0856714,147
1729805589.0877993,70
1729805589.0898802,38
1729805589.091956,44
1729805589.094038,90
1729805589.0976577,90
1729805589.1014748,100
1729805589.1035938,28
1729805589.1056657,28
1729805589.107748,112
1729805589.1098092,71
1729805589.1118555,71
1729805589.1139138,-49
1729805589.1159797,-49
1729805589.1180675,150
1729805589.1202006,305
1729805589.1222935,340
1729805589.1243446,201
1729805589.1263952,201
1729805589.1284573,-66
1729805589.1305168,-81
1729805589.1325605,-69
1729805589.1346672,132
1729805589.1367497,132
1729805589.1388373,132
1729805589.1409557,152
1729805589.143022,-137
1729805589.145069,-137
1729805589.147119,17
1729805589.1491835,51
1729805589.1512496,51
1729805589.1533854,51
1729805589.1554763,51
1729805589.1575587,51
1729805589.1596746,51
1729805589.1617463,51
1729805589.1638064,51
1729805589.1658542,-163
1729805589.1679122,-150
1729805589.1699953,-150
1729805589.172066,-150
1729805589.1741366,-150
1729805589.176198,-150
1729805589.1782465,-150
1729805589.1802905,-150
1729805589.182351,-150
1729805589.184412,-150
1729805589.1864767,-150
1729805589.1885495,-150
1729805589.1906006,-103
1729805589.1926448,-139
1729805589.1947377,-182
1729805589.1969547,-182
1729805589.2024896,-25
1729805589.2045734,257
1729805589.2066061,257
1729805589.2086384,182
1729805589.2106335,53
1729805589.2126606,177
1729805589.214697,177
1729805589.2168844,251
1729805589.2189603,48
1729805589.2210553,48
1729805589.2231224,100
1729805589.2251637,376
1729805589.2271898,442
1729805589.229215,66
1729805589.2312558,66
1729805589.2332945,-322
1729805589.235323,-306
1729805589.2373617,-306
1729805589.2393982,-54
1729805589.2414236,-54
1729805589.2434545,-437
1729805589.245522,23
1729805589.2476108,23
1729805589.2496445,68
1729805589.2516828,107
1729805589.2537138,395
1729805589.255748,395
1729805589.2577944,395
1729805589.2598362,395
1729805589.261861,395
1729805589.2638865,-462
1729805589.265914,-444
1729805589.2679856,-249
1729805589.2700999,-281
1729805589.2721748,1466
1729805589.2742298,409
1729805589.2762794,409
1729805589.2783267,996
1729805589.2803774,885
1729805589.282427,885
1729805589.2844722,-378
1729805589.2865326,-378
1729805589.2886007,-218
1729805589.2906466,-277
1729805589.2927,-243
1729805589.2947512,283
1729805589.300491,283
1729805589.3034592,-28
1729805589.3055537,71
1729805589.3076174,-411
1729805589.309639,-411
1729805589.3116405,-115
1729805589.3136904,68
1729805589.3157356,-252
1729805589.3177853,-393
1729805589.3198664,-406
1729805589.321942,-380
1729805589.323996,-380
1729805589.3260446,-380
1729805589.32809,-380
1729805589.3301165,-380
1729805589.3321412,-380
1729805589.3341646,-380
1729805589.336218,-380
1729805589.3382747,-443
1729805589.3403027,-443
1729805589.342344,-466
1729805589.3443985,-38
1729805589.3464499,-113
1729805589.3485029,-14
1729805589.3505552,-14
1729805589.3526397,85
1729805589.3547142,85
1729805589.3567686,228
1729805589.3588119,228
1729805589.3608365,228
1729805589.362875,228
1729805589.3649256,228
1729805589.3669748,167
1729805589.3690484,167
1729805589.37112,167
1729805589.3731709,167
1729805589.3752139,167
1729805589.3772597,167
1729805589.3793156,167
1729805589.3813524,167
1729805589.38339,139
1729805589.3854408,139
1729805589.3874974,199
1729805589.3895688,199
1729805589.3916175,267
1729805589.3936822,267
1729805589.3957667,205
1729805589.4009452,205
1729805589.4030647,113
1729805589.4051468,132
1729805589.4071994,221
1729805589.409253,202
1729805589.411307,202
1729805589.4133608,202
1729805589.4154155,201
1729805589.4174821,213
1729805589.4195569,183
1729805589.4216416,224
1729805589.4236956,218
1729805589.4257464,218
1729805589.4278066,204
1729805589.4298618,204
1729805589.4319084,339
1729805589.433959,314
1729805589.4360263,265
1729805589.438099,265
1729805589.4401557,245
1729805589.4422114,245
1729805589.4442575,245
1729805589.446305,245
1729805589.448359,245
1729805589.4504113,260
1729805589.4524767,265
1729805589.4545496,265
1729805589.4565926,213
1729805589.4586494,213
1729805589.4607117,116
1729805589.462751,116
1729805589.464774,116
1729805589.466811,116
1729805589.468874,102
1729805589.470973,102
1729805589.4730182,119
1729805589.4750483,119
1729805589.4770782,119
1729805589.4791017,119
1729805589.4811423,119
1729805589.4831948,-53
1729805589.4852405,-53
1729805589.487281,-97
1729805589.489333,-262
1729805589.491398,-258
1729805589.4934518,-233
1729805589.4954927,-233
1729805589.5014684,-233
1729805589.5036306,-404
1729805589.5057025,-404
1729805589.507761,-295
1729805589.5098217,-249
1729805589.5118704,-282
1729805589.5139153,-354
1729805589.5159616,-321
1729805589.5180395,-321
1729805589.5201254,-307
1729805589.5221827,-307
1729805589.5242105,-305
1729805589.5262365,-305
1729805589.5282633,-274
1729805589.5302925,-274
1729805589.5323205,-219
1729805589.5343466,-265
1729805589.5363784,-265
1729805589.5384102,-285
1729805589.5404363,-285
1729805589.5424716,-232
1729805589.5444984,-107
1729805589.546525,-107
1729805589.5485678,-248
1729805589.5506089,-248
1729805589.5526366,-118
1729805589.554635,-109
1729805589.5566711,-115
1729805589.5587947,-104
1729805589.5608518,-119
1729805589.5629241,-119
1729805589.5649798,-119
1729805589.5670047,-119
1729805589.5690491,-119
1729805589.5711045,-119
1729805589.573166,-119
1729805589.575231,-119
1729805589.577281,-119
1729805589.579329,-119
1729805589.5813727,-119
1729805589.583416,-119
1729805589.5854607,-183
1729805589.587511,-161
1729805589.5895627,-161
1729805589.5916104,-161
1729805589.593671,-44
1729805589.5957193,-44
1729805589.6013665,-44
1729805589.6034446,-12
1729805589.60551,-12
1729805589.6075566,32
1729805589.6095831,32
1729805589.6116107,51
1729805589.6136348,27
1729805589.6156726,27
1729805589.6177604,27
1729805589.6198204,57
1729805589.6218634,57
1729805589.6238897,144
1729805589.625921,188
1729805589.6279519,180
1729805589.6300101,180
1729805589.6320794,180
1729805589.6341195,150
1729805589.636152,150
1729805589.6381874,106
1729805589.6402142,42
1729805589.6422503,42
1729805589.6442826,170
1729805589.6463249,170
1729805589.6483688,-26
1729805589.6503956,-26
1729805589.652429,-26
1729805589.654467,41
1729805589.6564963,129
1729805589.6585374,125
1729805589.6605859,125
1729805589.6626174,93
1729805589.6646338,156
1729805589.6666408,156
1729805589.6686625,156
1729805589.6707299,156
1729805589.6727812,156
1729805589.6748285,156
1729805589.6768727,274
1729805589.6789224,274
1729805589.6809676,274
1729805589.6830115,274
1729805589.6850553,297
1729805589.6871047,219
1729805589.689157,72
1729805589.691207,72
1729805589.693255,72
1729805589.6953008,72
1729805589.6979818,72
1729805589.7014387,72
1729805589.7035422,100
1729805589.7056527,100
1729805589.7077036,-339
1729805589.7097468,-339
1729805589.7117782,-339
1729805589.713808,651
1729805589.715849,651
1729805589.717894,-8
1729805589.7199483,259
1729805589.7220263,259
1729805589.72407,-76
1729805589.726098,-76
1729805589.7281213,-76
1729805589.7301545,-76
1729805589.732187,77
1729805589.7342134,77
1729805589.736248,77
1729805589.7382858,77
1729805589.740309,77
1729805589.7423408,77
1729805589.7444139,77
1729805589.7465267,77
1729805589.7486544,77
1729805589.750755,77
1729805589.7528667,77
1729805589.7549183,-173
1729805589.75694,-173
1729805589.758961,-173
1729805589.7609851,-545
1729805589.7630105,-545
1729805589.7650545,187
1729805589.7671075,577
1729805589.7691689,577
1729805589.7712374,577
1729805589.7732866,577
1729805589.7753363,577
1729805589.7773817,577
1729805589.779426,577
1729805589.7814693,577
1729805589.783511,300
1729805589.7855544,300
1729805589.7876,300
1729805589.789644,300
1729805589.791689,300
1729805589.7937336,300
1729805589.7957776,-388
1729805589.7981148,-388
1729805589.8034372,-27
1729805589.8055284,-38
1729805589.8075845,-17
1729805589.809655,-17
1729805589.8117056,34
1729805589.8137474,67
1729805589.8158202,58
1729805589.817901,131
1729805589.8199666,131
1729805589.822027,181
1729805589.824062,182
1729805589.826097,183
1729805589.8281233,203
1729805589.8301733,203
1729805589.8322368,180
1729805589.8342786,149
1729805589.8363173,104
1729805589.838375,104
1729805589.840429,116
1729805589.842468,172
1729805589.8445034,172
1729805589.8465285,166
1729805589.848557,166
1729805589.8505855,168
1729805589.852706,164
1729805589.8547785,84
1729805589.8568187,74
1729805589.8588436,98
1729805589.8608692,93
1729805589.8628964,54
1729805589.864924,-3
1729805589.8669472,70
1729805589.8690188,70
1729805589.8711581,70
